<?xml version="1.0" encoding="utf-8" standalone="no"?>
<!DOCTYPE Archive SYSTEM "https://greenstone.org/dtd/Archive/1.0/Archive.dtd">
<Archive>
<Section>
  <Description>
    <Metadata name="gsdldoctype">indexed_doc</Metadata>
    <Metadata name="Language">en</Metadata>
    <Metadata name="Encoding">utf8</Metadata>
    <Metadata name="URL">http://F:/GreenStone/web/sites/localsite/collect/domashna/tmp/1713299412/Albanian.html</Metadata>
    <Metadata name="UTF8URL">http://F:/GreenStone/web/sites/localsite/collect/domashna/tmp/1713299412/Albanian.html</Metadata>
    <Metadata name="Title">Albanian</Metadata>
    <Metadata name="gsdlsourcefilename">import\Albanian.pdf</Metadata>
    <Metadata name="gsdlsourcefilerenamemethod">url</Metadata>
    <Metadata name="gsdlconvertedfilename">tmp\1713299412\Albanian.html</Metadata>
    <Metadata name="OrigSource">Albanian.html</Metadata>
    <Metadata name="Source">Albanian.pdf</Metadata>
    <Metadata name="SourceFile">Albanian.pdf</Metadata>
    <Metadata name="Plugin">PDFv2Plugin</Metadata>
    <Metadata name="FileSize">12441</Metadata>
    <Metadata name="FilenameRoot">Albanian</Metadata>
    <Metadata name="FileFormat">PDF</Metadata>
    <Metadata name="srcicon">_iconpdf_</Metadata>
    <Metadata name="srclink_file">doc.pdf</Metadata>
    <Metadata name="srclinkFile">doc.pdf</Metadata>
    <Metadata name="dc.Date">2006-03-16</Metadata>
    <Metadata name="dc.Title">PDFAlbanian</Metadata>
    <Metadata name="Identifier">HASH01633782fc3cc53a8115f0fa</Metadata>
    <Metadata name="lastmodified">1713298188</Metadata>
    <Metadata name="lastmodifieddate">20240416</Metadata>
    <Metadata name="oailastmodified">1713299412</Metadata>
    <Metadata name="oailastmodifieddate">20240416</Metadata>
    <Metadata name="assocfilepath">HASH0163.dir</Metadata>
    <Metadata name="gsdlassocfile">page1.png:image/png:</Metadata>
    <Metadata name="gsdlassocfile">doc.pdf:application/pdf:</Metadata>
  </Description>
  <Content>



</Content>
<Section>
  <Description>
    <Metadata name="Title">Page 1</Metadata>
  </Description>
  <Content>
&lt;div id=&quot;page1&quot;&gt;
&lt;div style=&quot;position: relative; height: 841px; width: 595px;&quot;&gt;&lt;style type=&quot;text/css&quot;&gt;
.txt { white-space:nowrap; }
.p1f0 { font-family:sans-serif; font-weight:normal; font-style:normal; }
.p1f1 { font-family:serif; font-weight:normal; font-style:normal; }
.p1f2 { font-family:sans-serif; font-weight:normal; font-style:normal; }
.p1f3 { font-family:sans-serif; font-weight:normal; font-style:normal; }
.p1f4 { font-family:sans-serif; font-weight:normal; font-style:normal; }
&lt;/style&gt;
&lt;img class=&quot;background&quot; height=&quot;841&quot; id=&quot;background1&quot; src=&quot;_httpdocimg_/page1.png&quot; style=&quot;position:absolute; left:0px; top:0px;&quot; width=&quot;595&quot;&gt;
&lt;div class=&quot;txt&quot; style=&quot;position:absolute; left:56px; top:57px;&quot;&gt;&lt;span class=&quot;p1f1&quot; style=&quot;font-size:12px;vertical-align:baseline;color:rgba(0,0,0,1);&quot;&gt;Përshëndetje, unë jam Beqir Fazli 191045&lt;/span&gt;&lt;/div&gt;
&lt;/div&gt;
&lt;/div&gt;

</Content>
</Section>
</Section>
</Archive>
