<?xml version="1.0" encoding="utf-8" standalone="no"?>
<!DOCTYPE Archive SYSTEM "https://greenstone.org/dtd/Archive/1.0/Archive.dtd">
<Archive>
<Section>
  <Description>
    <Metadata name="gsdldoctype">indexed_doc</Metadata>
    <Metadata name="Language">en</Metadata>
    <Metadata name="Encoding">utf8</Metadata>
    <Metadata name="URL">http://F:/GreenStone/web/sites/localsite/collect/domashna/tmp/1713299424/Punjabi.html</Metadata>
    <Metadata name="UTF8URL">http://F:/GreenStone/web/sites/localsite/collect/domashna/tmp/1713299424/Punjabi.html</Metadata>
    <Metadata name="Title">Punjabi</Metadata>
    <Metadata name="gsdlsourcefilename">import\Punjabi.pdf</Metadata>
    <Metadata name="gsdlsourcefilerenamemethod">url</Metadata>
    <Metadata name="gsdlconvertedfilename">tmp\1713299424\Punjabi.html</Metadata>
    <Metadata name="OrigSource">Punjabi.html</Metadata>
    <Metadata name="Source">Punjabi.pdf</Metadata>
    <Metadata name="SourceFile">Punjabi.pdf</Metadata>
    <Metadata name="Plugin">PDFv2Plugin</Metadata>
    <Metadata name="FileSize">21888</Metadata>
    <Metadata name="FilenameRoot">Punjabi</Metadata>
    <Metadata name="FileFormat">PDF</Metadata>
    <Metadata name="srcicon">_iconpdf_</Metadata>
    <Metadata name="srclink_file">doc.pdf</Metadata>
    <Metadata name="srclinkFile">doc.pdf</Metadata>
    <Metadata name="dc.Date">2015-06-15</Metadata>
    <Metadata name="dc.Date">2019-07-08</Metadata>
    <Metadata name="dc.Title">PDFPunjabi</Metadata>
    <Metadata name="Identifier">HASHa4599a1ee285e44dbc1efb</Metadata>
    <Metadata name="lastmodified">1713298197</Metadata>
    <Metadata name="lastmodifieddate">20240416</Metadata>
    <Metadata name="oailastmodified">1713299424</Metadata>
    <Metadata name="oailastmodifieddate">20240416</Metadata>
    <Metadata name="assocfilepath">HASHa459.dir</Metadata>
    <Metadata name="gsdlassocfile">page1.png:image/png:</Metadata>
    <Metadata name="gsdlassocfile">doc.pdf:application/pdf:</Metadata>
  </Description>
  <Content>



</Content>
<Section>
  <Description>
    <Metadata name="Title">Page 1</Metadata>
  </Description>
  <Content>
&lt;div id=&quot;page1&quot;&gt;
&lt;div style=&quot;position: relative; height: 841px; width: 595px;&quot;&gt;&lt;style type=&quot;text/css&quot;&gt;
.txt { white-space:nowrap; }
.p1f0 { font-family:sans-serif; font-weight:normal; font-style:normal; }
.p1f1 { font-family:sans-serif; font-weight:normal; font-style:normal; }
.p1f2 { font-family:sans-serif; font-weight:normal; font-style:normal; }
.p1f3 { font-family:serif; font-weight:normal; font-style:normal; }
.p1f4 { font-family:sans-serif; font-weight:normal; font-style:normal; }
.p1f5 { font-family:sans-serif; font-weight:normal; font-style:normal; }
.p1f6 { font-family:sans-serif; font-weight:normal; font-style:normal; }
.p1f7 { font-family:sans-serif; font-weight:normal; font-style:normal; }
.p1f8 { font-family:sans-serif; font-weight:normal; font-style:normal; }
.p1f9 { font-family:sans-serif; font-weight:normal; font-style:normal; }
.p1f10 { font-family:sans-serif; font-weight:normal; font-style:normal; }
&lt;/style&gt;
&lt;img class=&quot;background&quot; height=&quot;841&quot; id=&quot;background1&quot; src=&quot;_httpdocimg_/page1.png&quot; style=&quot;position:absolute; left:0px; top:0px;&quot; width=&quot;595&quot;&gt;
&lt;div class=&quot;txt&quot; style=&quot;position:absolute; left:56px; top:57px;&quot;&gt;&lt;span class=&quot;p1f1&quot; style=&quot;font-size:12px;vertical-align:baseline;color:rgba(0,0,0,1);&quot;&gt;ਹਲੈ ੋ &lt;/span&gt;&lt;span class=&quot;p1f3&quot; style=&quot;font-size:12px;vertical-align:baseline;color:rgba(0,0,0,1);&quot;&gt;, &lt;/span&gt;&lt;span class=&quot;p1f1&quot; style=&quot;font-size:12px;vertical-align:baseline;color:rgba(0,0,0,1);&quot;&gt;ਮੈਂ ਬਕੇ ੀਰ ਫਾਜ਼ਲੀ &lt;/span&gt;&lt;span class=&quot;p1f3&quot; style=&quot;font-size:12px;vertical-align:baseline;color:rgba(0,0,0,1);&quot;&gt;191045 &lt;/span&gt;&lt;span class=&quot;p1f1&quot; style=&quot;font-size:12px;vertical-align:baseline;color:rgba(0,0,0,1);&quot;&gt;ਹਾਂ&lt;/span&gt;&lt;/div&gt;
&lt;/div&gt;
&lt;/div&gt;

</Content>
</Section>
</Section>
</Archive>
